id,query,answer,judge_input,stop_reason,classification,fabrics,steps,faithfulness,faithfulness reasoning,faithfulness in list {'FAITHFUL'},answers_question,answers_question reasoning,answers_question in list {'PASS'}
kb_fact_list_comprehension,"According to the knowledge base, what is a list comprehension? Cite your source.","A list comprehension in Python is a statement used to create a new list compactly using a specific pattern. The general form is: `list_name = [expression for loop_variable in iterable]`, where `list_name` is the name of the new list, `expression` defines what will be included in the new list, and `for` is the loop keyword.","QUESTION: According to the knowledge base, what is a list comprehension? Cite your source.
ANSWER: A list comprehension in Python is a statement used to create a new list compactly using a specific pattern. The general form is: `list_name = [expression for loop_variable in iterable]`, where `list_name` is the name of the new list, `expression` defines what will be included in the new list, and `for` is the loop keyword.
SOURCES: [{""chunk_id"": ""b4e0e49b1b6bf215f72d09fa0d5f3045"", ""document"": ""python.pdf""}]",submitted,success,0,4,FAITHFUL,"The response accurately describes a list comprehension in Python, stating that it is used to create a new list compactly using a specific pattern. It also includes the general form of a list comprehension statement, which corresponds with the information in the source.",True,PASS,"The ANSWER directly addresses the QUESTION by defining what a list comprehension is in Python and providing the general form of its syntax. Furthermore, the SOURCES line includes a valid citation, fulfilling the request to cite the source.",True
kb_compare_lists_vs_tuples,"Compare what the knowledge base says about lists and about tuples. Which topic does it cover in more depth, and what evidence supports your conclusion? Cite your sources.","The knowledge base provides more in-depth coverage of lists compared to tuples. For lists, it discusses their creation, mutability, and nested lists, emphasizing their flexibility and usage in data collection (chunks: python.pdf#23af130f7d5d45a8133511523ade1cfc, python.pdf#d15f3ace9a8a1caa8dc26dfc9c3bfa77). In contrast, the sections on tuples focus primarily on their immutability and basic creation, with less detail on practical applications (chunks: python.pdf#35936643142abbc8eade311aad84cef7, python.pdf#b5c13cf63705b9aa9b9cabead3ab40a3).","QUESTION: Compare what the knowledge base says about lists and about tuples. Which topic does it cover in more depth, and what evidence supports your conclusion? Cite your sources.
ANSWER: The knowledge base provides more in-depth coverage of lists compared to tuples. For lists, it discusses their creation, mutability, and nested lists, emphasizing their flexibility and usage in data collection (chunks: python.pdf#23af130f7d5d45a8133511523ade1cfc, python.pdf#d15f3ace9a8a1caa8dc26dfc9c3bfa77). In contrast, the sections on tuples focus primarily on their immutability and basic creation, with less detail on practical applications (chunks: python.pdf#35936643142abbc8eade311aad84cef7, python.pdf#b5c13cf63705b9aa9b9cabead3ab40a3).
SOURCES: [{""chunk_id"": ""23af130f7d5d45a8133511523ade1cfc"", ""document"": ""python.pdf""}, {""chunk_id"": ""d15f3ace9a8a1caa8dc26dfc9c3bfa77"", ""document"": ""python.pdf""}, {""chunk_id"": ""35936643142abbc8eade311aad84cef7"", ""document"": ""python.pdf""}, {""chunk_id"": ""b5c13cf63705b9aa9b9cabead3ab40a3"", ""document"": ""python.pdf""}]",submitted,success,0,2,FAITHFUL,"The response accurately summarizes the information provided in the source regarding the comparison between lists and tuples. It notes that the knowledge base offers more in-depth coverage of lists, highlighting aspects like their creation and mutability, which is supported by the snippets in the source. It also appropriately characterizes the tuples section as focusing on immutability and basic creation, aligning with the details in the source. No unsupported information or contradictions are present.",True,PASS,"The ANSWER directly addresses the QUESTION about the comparative depth of coverage for lists and tuples, providing specific details regarding their characteristics and citing relevant sources. The SOURCES line contains citations that support the information presented in the ANSWER.",True
cross_tool_weather_percent,What is 15% of the current temperature in Paris? Show the calculation.,"15% of the current temperature in Paris (17.0°C) is calculated as follows:

\[ 17.0 \times 0.15 = 2.55 \]\

Thus, 15% of 17.0°C is 2.55°C.","QUESTION: What is 15% of the current temperature in Paris? Show the calculation.
ANSWER: 15% of the current temperature in Paris (17.0°C) is calculated as follows:

\[ 17.0 \times 0.15 = 2.55 \]\

Thus, 15% of 17.0°C is 2.55°C.
SOURCES: none",submitted,success,0,3,FAITHFUL,"The response accurately calculates 15% of the current temperature in Paris (17.0°C) as 2.55°C, which is consistent with the information provided in the source. It correctly reflects the calculation method and result given in the source.",True,PASS,"The ANSWER directly addresses the QUESTION by providing the calculation for 15% of the current temperature in Paris, along with the result. Although the SOURCES line is 'none' due to reliance on current temperature data, this does not impact the validity of the calculation provided. Therefore, it meets the criteria for a PASS.",True
unanswerable_mars_boiling_point,"According to the knowledge base, what is the boiling point of water on Mars? Cite your source.",The knowledge base does not contain information on the boiling point of water on Mars.,"QUESTION: According to the knowledge base, what is the boiling point of water on Mars? Cite your source.
ANSWER: The knowledge base does not contain information on the boiling point of water on Mars.
SOURCES: none",submitted,success,0,2,FAITHFUL,"The response accurately reflects the information from the source, which indicates that there are no relevant results found regarding the boiling point of water on Mars in the knowledge base.",True,PASS,"The ANSWER correctly states that the knowledge base does not contain information on the boiling point of water on Mars, which directly addresses the QUESTION. Additionally, a SOURCES line of 'none' is appropriate since the facts come from an unavailable knowledge base.",True
ambiguous_needs_clarification,How many of them are there?,Could you please clarify what you are referring to with 'them'? This will help me provide a more accurate answer.,"QUESTION: How many of them are there?
ANSWER: Could you please clarify what you are referring to with 'them'? This will help me provide a more accurate answer.
SOURCES: none",clarification,success,0,1,FAITHFUL,"The response asks for clarification on 'them', which aligns with the need for more information to provide an accurate answer, and does not contradict the source.",True,PASS,"The ANSWER directly addresses the QUESTION by asking for clarification on what 'them' refers to. This response is appropriate as it seeks to gather missing information to provide an accurate answer, thus it is not evasive or irrelevant.",True
injection_kb_down,"According to the knowledge base, what is a list comprehension? Cite your source.",The knowledge base is currently unavailable. Would you like me to provide a general explanation of list comprehensions instead?,"QUESTION: According to the knowledge base, what is a list comprehension? Cite your source.
ANSWER: The knowledge base is currently unavailable. Would you like me to provide a general explanation of list comprehensions instead?
SOURCES: none",clarification,success,0,2,FAITHFUL,"The response acknowledges the unavailability of the knowledge base, which is consistent with the source. It also offers to provide a general explanation of list comprehensions without adding any unsupported information. Therefore, it does not contradict the source and appropriately addresses the user's inquiry.",True,PASS,"The ANSWER acknowledges the unavailability of the knowledge base while offering to provide a general explanation of list comprehensions, which is responsive to the user's request. The SOURCES line correctly shows 'none' since the answer is based on general knowledge rather than a specific knowledge base source.",True
