id,query,answer,stop_reason,classification,fabrics,steps,faithfulness,faithfulness reasoning,faithfulness in list {'FAITHFUL'},answers_question,answers_question reasoning,answers_question in list {'PASS'}
kb_fact_list_comprehension,"According to the knowledge base, what is a list comprehension? Cite your source.","A list comprehension in Python is a compact way to create a new list using a specific pattern. The general form is: `list_name = [expression for loop_variable in iterable]`, where `list_name` is the name of the new list, `expression` defines what will be included in the new list, and `for` is the loop keyword. This allows for concise list creation and can include filtering as well.",submitted,success,0,4,FAITHFUL,"The response accurately describes a list comprehension in Python, stating that it is a compact way to create a new list using a pattern and providing the general form of the statement. This aligns with the information found in the source, which mentions that a list comprehension is used to compactly create a new list using a pattern.",True,FAIL,"The text does not contain a specific QUESTION and ANSWER format. Instead, it provides a general explanation about list comprehensions in Python without addressing any question.",False
kb_compare_lists_vs_tuples,"Compare what the knowledge base says about lists and about tuples. Which topic does it cover in more depth, and what evidence supports your conclusion? Cite your sources.","The knowledge base provides more in-depth coverage of lists compared to tuples. For lists, it discusses their creation, mutability, and nested lists, highlighting their flexibility and utility in data collection (chunks: python.pdf#23af130f7d5d45a8133511523ade1cfc, python.pdf#d15f3ace9a8a1caa8dc26dfc9c3bfa77). In contrast, the sections on tuples primarily focus on their immutability and basic creation, with less emphasis on practical applications (chunks: python.pdf#35936643142abbc8eade311aad84cef7, python.pdf#b5c13cf63705b9aa9b9cabead3ab40a3).",submitted,success,0,2,FAITHFUL,"The text accurately summarizes the information from the source regarding lists and tuples. It states that the knowledge base provides more in-depth coverage of lists, including their creation, mutability, and flexibility in data collection, which is consistent with the source. Additionally, it mentions that the sections on tuples mainly focus on their immutability and basic creation, which aligns with the information provided in the source. Therefore, the response is faithful to the source.",True,FAIL,"The text does not contain a clear question and answer format but instead provides information comparing lists and tuples in Python. Since there is no direct question being addressed, the response fails to meet the criteria.",False
cross_tool_weather_percent,What is 15% of the current temperature in Paris? Show the calculation.,"15% of the current temperature in Paris (17.0°C) is calculated as follows:

\[ 17.0 \times 0.15 = 2.55 \]\

Thus, 15% of 17.0°C is 2.55°C.",submitted,success,0,3,FAITHFUL,"The response accurately calculates 15% of the current temperature (17.0°C) in Paris as 2.55°C, which aligns with the information provided in the source regarding the temperature and the calculation result. There is no contradiction or addition of new information.",True,PASS,The answer directly addresses the question by calculating 15% of the current temperature in Paris and providing the correct result of 2.55°C.,True
unanswerable_mars_boiling_point,"According to the knowledge base, what is the boiling point of water on Mars? Cite your source.",The knowledge base does not contain information on the boiling point of water on Mars.,submitted,success,0,2,FAITHFUL,"The response accurately summarizes the information from the source, which states that there is no relevant information found on the boiling point of water on Mars. It does not contradict or add unsupported information.",True,PASS,"The answer directly addresses the question by stating that the knowledge base does not contain information on the boiling point of water on Mars, which accurately reflects a lack of available data.",True
ambiguous_needs_clarification,How many of them are there?,Could you please clarify what you are referring to with 'them'? This will help me provide a more accurate answer.,clarification,success,0,1,FAITHFUL,"The response asks for clarification instead of making unsupported assumptions, which aligns with the guidelines for a faithful response.",True,PASS,"The ANSWER asks for clarification regarding 'them' to provide a more accurate response, which is relevant and aligns with the QUESTION's request for clarification.",True
injection_kb_down,"According to the knowledge base, what is a list comprehension? Cite your source.",The knowledge base is currently unavailable. Would you like me to provide a general explanation of list comprehensions instead?,clarification,success,0,2,UNFAITHFUL,"The response adds new information about providing a general explanation of list comprehensions, which is not present in the source. The source only indicates that the knowledge base is unavailable without any mention of list comprehensions.",False,FAIL,"The answer does not directly address the question about the knowledge base's unavailability. Instead, it offers an unrelated general explanation of list comprehensions, which is not relevant to the inquiry.",False
